0	1002525	1
1	1002528	1
2	1002529	1
3	1002530	1
4	1001423	1
5	1002388	1
6	1002390	1
7	1002478	1
8	1002479	1
9	1000733	1
10	1000734	1
11	1002558	1
12	1002481	1
13	1002596	1
14	1002483	1
15	1002639	1
16	1002642	1
17	1002762	1
18	1002489	1
19	1002769	1
20	1002856	1
21	1002859	1
22	1002877	1
23	1002803	1
24	1002494	1
25	1002531	1
26	1002878	1
27	1002480	1
28	1002890	1
29	1002891	1
30	1003696	1
31	1002649	1
32	1002804	1
33	1002650	1
34	1003719	1
35	1003720	1
36	1003721	1
37	1003722	1
38	1003723	1
39	1003724	1
40	1002534	1
41	1002490	1
42	1003725	1
43	1003726	1
44	1002648	1
45	1003727	1
46	1002532	1
47	1002651	1
48	1002568	1
49	1002570	1
50	1002571	1
51	1002574	1
52	1002579	1
53	1003728	1
54	1003729	1
55	1002541	1
56	1002544	1
57	1002545	1
58	1002546	1
59	1002594	1
60	1003228	1
61	1002643	1
62	1002644	1
63	1002645	1
64	1003736	1
65	1003737	1
66	1003738	1
67	1003739	1
68	1003740	1
69	1003741	1
70	1002653	1
71	1002654	1
72	1003742	1
73	1003743	1
74	1003730	1
75	1003731	1
76	1003732	1
77	1003733	1
78	1003734	1
79	75001	999
80	1001436	1
81	1003758	1
82	1000426	1
83	1002785	99
84	1002791	99
85	1002810	99
86	1002794	99
87	1002797	99
88	1002807	99
89	1002813	99
90	1002816	99
91	1002747	99
92	1002822	99
93	1002752	99
94	1002837	99
95	1001424	99
96	1002167	99
97	1002497	99
98	1002896	99
99	1002899	99
100	1002902	99
101	1002905	99
102	1002908	99
103	1002911	99
104	1002914	99
105	1003759	99
106	1003762	99
107	1003765	99
108	1002953	99
109	1003229	99
110	1002920	99
111	1002923	99
112	1002926	99
113	1002929	99
114	1002932	99
115	1002935	99
116	1002938	99
117	1002941	99
118	1002944	99
119	1002947	99
120	1002950	99
121	1002520	99
122	1002662	99
123	1002538	99
124	1003281	99
125	1003290	99
126	1003291	99
127	1001067	99
128	1002863	99
129	1002865	99
130	1002866	99
131	1002867	99
132	1002509	99
133	1002523	99
134	1002539	99
135	1002548	99
136	1002569	99
137	1002764	99
138	1002766	99
139	1002848	99
140	1002583	99
141	1002580	99
142	1002592	99
143	1003715	99
144	1003668	99
145	1002552	99
146	1002602	99
147	1002805	99
148	1002658	99
149	1002659	99
150	1002660	99
151	1002843	99
152	1002849	99
153	1002852	99
154	1003685	99
155	1002578	99
156	1003686	99
157	1002887	99
158	1000121	99
159	1002542	99
160	1002845	99
161	1002554	99
162	1002841	99
163	1003699	99
164	1003691	99
165	1003718	99
166	1003702	99
167	1003692	99
168	1002858	99
169	1002606	99
170	1003700	99
171	1003714	99
172	1001893	99
173	1002496	99
174	1002855	99
175	1002510	99
176	1003153	1
177	1003154	1
178	1003155	1
179	1003156	1
180	1003157	1
181	1003158	1
182	1003159	1
183	1003160	1
184	1003161	1
185	1003162	1
186	1003163	1
187	1003164	1
188	1003172	1
189	1003173	1
190	1003174	1
191	1003175	1
192	1003176	1
193	1003177	1
194	1003178	1
195	1003179	1
196	1003180	1
197	1003181	1
198	1003329	1
199	1003330	1
200	1003331	1
201	1003332	1
202	1003333	1
203	1003334	1
204	1003335	1
205	1003336	1
206	1001778	1
207	1003182	1
208	1003183	1
209	1003184	1
210	1003185	1
211	1003186	1
212	1003187	1
213	1001954	1
214	1003145	1
215	1003146	1
216	1003147	1
217	1003148	1
218	1003149	1
219	1003150	1
220	1003151	1
221	1003152	1
222	1002860	1
223	1002861	1
224	1002868	1
225	1002869	1
226	1002086	1
227	1002087	1
228	1002088	1
229	1002089	1
230	1000401	1
231	1000402	1
232	1000403	1
233	1000404	1
234	1000405	1
235	1000406	1
236	1000407	1
237	1000408	1
238	1000409	1
239	1000410	1
240	1000411	1
241	1000413	1
242	1000414	1
243	1000415	1
244	1000417	1
245	1000418	1
246	1000419	1
247	1000420	1
248	1000421	1
249	1000422	1
250	1000428	1
251	1000430	1
252	1000432	1
253	1000433	1
254	1000434	1
255	1000435	1
256	1000436	1
257	1000437	1
258	1000530	1
259	1000533	1
260	1000535	1
261	1000536	1
262	1000690	1
263	1000714	1
264	1000755	1
265	1000841	1
266	1002149	1
267	1002161	1
268	1002162	1
269	1002292	1
270	1001746	1
271	1003662	1
272	1003663	1
273	1003664	1
274	1001102	1
275	1000641	1
276	1004110	1
277	700001	999
278	710001	999
279	720001	999
280	720002	999
281	720003	999
282	720004	999
283	720010	999
284	721501	999
285	721502	999
286	721503	999
287	721504	999
288	721505	999
289	721506	999
290	740001	999
291	740002	999
292	740003	999
293	740004	999
294	740005	999
295	795009	999
296	1000660	999
297	1001117	999
298	754006	999
299	1000662	999
300	1000659	999
301	1003634	999
302	80001	1
303	80003	1
304	80406	1
305	80412	1
306	80413	1
307	80505	1
308	80509	1
309	80510	1
310	80529	1
311	80812	1
312	1000038	1
313	1000071	1
314	1000072	1
315	1000076	1
316	1000087	1
317	1000122	1
318	1000141	1
319	1000150	1
320	1000154	1
321	1000158	1
322	1000169	1
323	1000199	1
324	1000235	1
325	1000244	1
326	1000257	1
327	1000338	1
328	1000441	1
329	1000445	1
330	1000450	1
331	1000452	1
332	1000453	1
333	1000455	1
334	1000480	1
335	1000483	1
336	1000492	1
337	1000501	1
338	1000502	1
339	1000503	1
340	1000504	1
341	1000505	1
342	1000506	1
343	1000507	1
344	1000508	1
345	1000510	1
346	1000523	1
347	1000527	1
348	1000557	1
349	1000585	1
350	1000616	1
351	1000617	1
352	1000620	1
353	1000622	1
354	1000636	1
355	1000673	1
356	1000687	1
357	1000701	1
358	1000704	1
359	1000705	1
360	1000719	1
361	1000775	1
362	1000819	1
363	1000860	1
364	1000881	1
365	1000954	1
366	1000956	1
367	1000968	1
368	1000976	1
369	1000977	1
370	1000986	1
371	1001060	1
372	1001077	1
373	1001130	1
374	1001854	1
375	1001885	1
376	1003768	1
377	1000853	999
378	1000081	999
